<?xml version="1.0" encoding="UTF-8"?>
<!DOCTYPE mapper
        PUBLIC "-//mybatis.org//DTD Mapper 3.0//EN"
        "http://mybatis.org/dtd/mybatis-3-mapper.dtd">
<mapper namespace="com.maiqu.evaluatorPlatform.mapper.EvaluatorMapper">

    <resultMap id="BaseResultMap" type="com.maiqu.evaluatorPlatform.model.entity.Evaluator">
        <id property="id" column="id" jdbcType="BIGINT"/>
        <result property="username" column="username" jdbcType="VARCHAR"/>
        <result property="userAccount" column="userAccount" jdbcType="VARCHAR"/>
        <result property="gender" column="gender" jdbcType="TINYINT"/>
        <result property="age" column="age" jdbcType="INTEGER"/>
        <result property="userPassword" column="userPassword" jdbcType="VARCHAR"/>
        <result property="phone" column="phone" jdbcType="VARCHAR"/>
        <result property="createTime" column="createTime" jdbcType="TIMESTAMP"/>
        <result property="updateTime" column="updateTime" jdbcType="TIMESTAMP"/>
        <result property="isDelete" column="isDelete" jdbcType="TINYINT"/>
    </resultMap>


    <sql id="Base_Column_List">
   id,username,userAccount,
        gender,age,userPassword,
        phone,

        createTime,updateTime,isDelete

    </sql>

</mapper>
