<?xml version="1.0" encoding="UTF-8"?>
<!DOCTYPE mapper
        PUBLIC "-//mybatis.org//DTD Mapper 3.0//EN"
        "http://mybatis.org/dtd/mybatis-3-mapper.dtd">
<mapper namespace="com.maiqu.evaluatorPlatform.mapper.TeamMapper">

    <resultMap id="BaseResultMap" type="com.maiqu.evaluatorPlatform.model.entity.Team">
        <id property="id" column="id" jdbcType="BIGINT"/>
        <result property="evaluatorId" column="evaluatorId" jdbcType="BIGINT"/>
        <result property="teamNumber" column="teamNumber" jdbcType="INTEGER"/>
        <result property="description" column="description" jdbcType="VARCHAR"/>
        <result property="teamName" column="teamName" jdbcType="VARCHAR"/>
        <result property="teamCycle" column="teamCycle" jdbcType="INTEGER"/>
        <result property="createTime" column="createTime" jdbcType="TIMESTAMP"/>
        <result property="endTime" column="endTime" jdbcType="TIMESTAMP"/>
        <result property="updateTime" column="updateTime" jdbcType="TIMESTAMP"/>
        <result property="isDelete" column="isDelete" jdbcType="TINYINT"/>
    </resultMap>


    <sql id="Base_Column_List">
   id,evaluatorId,teamNumber,
        description,teamName,teamCycle,userPassword,
        endTime,
        createTime,updateTime,isDelete
    </sql>

</mapper>
